frame,type,off_bits,on_bits,bit_delta,bit_delta_pct,off_psnr,on_psnr,psnr_delta,off_mse,on_mse,mse_delta
0,I,33968,33968,0,0.000000,44.455689,29.440994,-15.014695,2.330834,73.957281,71.626447
1,P,8920,14440,5520,61.883408,43.953940,30.629089,-13.324851,2.616293,56.256339,53.640046
2,P,9104,11464,2360,25.922671,44.055637,30.616440,-13.439197,2.555740,56.420428,53.864688
3,P,8328,11768,3440,41.306436,43.955555,30.246686,-13.708869,2.615320,61.434422,58.819102
4,P,8696,13464,4768,54.829807,43.911358,30.619902,-13.291456,2.642072,56.375473,53.733401
