frame,type,off_bits,on_bits,bit_delta,bit_delta_pct,off_psnr,on_psnr,psnr_delta,off_mse,on_mse,mse_delta
0,I,33968,33968,0,0.000000,44.455689,29.440994,-15.014695,2.330834,73.957281,71.626447
1,P,8920,14440,5520,61.883408,43.953940,30.629089,-13.324851,2.616293,56.256339,53.640046
